City_ID,City,Country,Max Temp,Lat,Lng,Current Description,Hotel Name
0,Constitucion,CL,61.02,-35.3333,-72.4167,few clouds,
1,Durango,MX,64.72,24.8333,-104.8333,overcast clouds,
2,Oil City,US,27.99,41.4339,-79.7064,overcast clouds,
4,Englewood,US,46.45,39.6478,-104.9878,few clouds,
6,Loveland,US,48.43,40.3978,-105.075,clear sky,
7,Choctaw,US,45.12,35.4976,-97.2689,clear sky,
8,Marsh Harbour,BS,75.18,26.5412,-77.0636,few clouds,
9,Hastings,GB,47.52,50.8552,0.5729,clear sky,
10,Kingman,US,63.12,35.1894,-114.053,clear sky,
11,Matamoros,MX,63.1,25.5333,-103.25,light rain,
12,Athens,GR,49.37,37.9795,23.7162,few clouds,
13,Caldwell,US,56.55,43.6629,-116.6874,clear sky,
14,Leon Valley,US,48.04,29.4952,-98.6186,light rain,
15,Green River,US,36.0,41.5286,-109.4662,clear sky,
16,Easton,US,44.29,40.6884,-75.2207,few clouds,
17,Havelock,US,55.36,34.8791,-76.9013,broken clouds,
18,Pascagoula,US,55.42,30.3658,-88.5561,broken clouds,
19,York,US,44.19,40.1254,-77.0,overcast clouds,
20,Houma,US,53.01,29.5958,-90.7195,overcast clouds,
21,Woodward,US,47.43,36.4337,-99.3904,clear sky,
22,West Memphis,US,45.28,35.1465,-90.1845,few clouds,
23,Worland,US,45.05,44.0169,-107.9554,clear sky,
24,Rapid Valley,US,38.77,44.0625,-103.1463,clear sky,
25,Rexburg,US,33.42,43.826,-111.7897,clear sky,
27,Cedar City,US,47.39,37.6775,-113.0619,clear sky,
28,Danville,US,52.18,36.586,-79.395,clear sky,
31,Harrisburg,US,45.14,40.2737,-76.8844,overcast clouds,
32,High Rock,BS,77.02,26.6208,-78.2833,scattered clouds,
33,Effingham,US,58.95,32.3669,-81.3332,overcast clouds,
34,Seminole,US,73.76,28.7086,-81.2081,overcast clouds,
35,Carroll,US,45.95,39.5501,-77.0164,clear sky,
36,North Myrtle Beach,US,60.13,33.816,-78.68,broken clouds,
37,Twentynine Palms,US,70.97,34.1356,-116.0542,clear sky,
38,Green Valley,US,70.57,31.8543,-110.9937,broken clouds,
39,Benito Juarez,MX,69.01,19.385,-99.165,broken clouds,
40,Texarkana,US,55.62,33.4251,-94.0477,clear sky,
41,Alice Town,BS,76.6,25.7167,-79.3,few clouds,
42,Lebanon,US,43.02,36.2081,-86.2911,clear sky,
43,Fallon,US,58.91,39.4735,-118.7774,broken clouds,
44,Springfield,US,31.15,37.2153,-93.2982,scattered clouds,
45,Gillette,US,41.05,44.2911,-105.5022,clear sky,
47,Hattiesburg,US,51.73,31.3271,-89.2903,scattered clouds,
49,Blytheville,US,43.02,35.9273,-89.919,broken clouds,
50,Tallahassee,US,50.32,30.4383,-84.2807,overcast clouds,
51,London,GB,49.75,51.5085,-0.1257,few clouds,
52,Lexington,US,33.8,37.9887,-84.4777,few clouds,
54,Front Royal,US,45.01,38.9182,-78.1944,clear sky,
55,Raymondville,US,57.24,26.4815,-97.7831,overcast clouds,
56,Sahuaripa,MX,75.79,29.05,-109.2333,broken clouds,
57,Callaway,US,51.98,30.153,-85.5699,overcast clouds,
58,Pierre,US,27.52,44.3683,-100.351,clear sky,
59,Durant,US,50.36,33.994,-96.3708,clear sky,
61,Mount Vernon,US,48.94,40.9126,-73.8371,broken clouds,
62,Glenwood Springs,US,43.72,39.5505,-107.3248,clear sky,
64,Cockburn Town,TC,75.97,21.4612,-71.1419,broken clouds,
66,Morristown,US,43.5,36.214,-83.2949,scattered clouds,
67,Lawrenceburg,US,34.38,38.0373,-84.8966,clear sky,
68,La Crosse,US,27.16,43.8014,-91.2396,clear sky,
70,Hays,US,52.16,30.0502,-98.0336,overcast clouds,
71,Tupelo,US,50.29,34.2576,-88.7034,clear sky,
72,Northport,US,51.62,33.229,-87.5772,clear sky,
73,China,MX,56.7,25.7,-99.2333,broken clouds,
74,Clovis,US,70.03,36.8252,-119.7029,overcast clouds,
75,Liberal,US,47.44,37.0431,-100.921,clear sky,
76,Starkville,US,51.46,33.4504,-88.8184,clear sky,
77,Oxford,GB,49.37,51.7522,-1.256,moderate rain,
78,Pecos,US,54.43,31.4229,-103.4932,overcast clouds,
80,Mandeville,JM,66.56,18.0417,-77.5071,scattered clouds,
81,Rupert,US,46.35,42.6191,-113.6772,clear sky,
82,Yavaros,MX,75.45,26.7,-109.5167,light rain,
83,Sanford,US,73.69,28.8006,-81.2731,overcast clouds,
84,Lancaster,US,44.08,40.2504,-76.2499,broken clouds,
85,Peterborough,GB,49.87,52.5736,-0.2478,overcast clouds,
86,Jackson,US,63.37,42.4165,-122.8345,clear sky,
89,Pitiquito,MX,75.52,30.7,-112.0833,scattered clouds,
93,Rancho Palos Verdes,US,75.97,33.7445,-118.387,clear sky,
95,San Quintin,MX,64.26,30.4833,-115.95,clear sky,
96,Colonial Park,US,44.51,40.3006,-76.8097,overcast clouds,
97,Clarksville,US,40.08,36.5298,-87.3595,overcast clouds,
98,Union City,US,68.49,37.5958,-122.0192,clear sky,
99,Encinitas,US,77.5,33.037,-117.292,clear sky,
100,Flagstaff,US,48.6,35.1981,-111.6513,clear sky,
101,Milford Mill,US,48.65,39.3479,-76.77,broken clouds,
103,Socorro,US,53.46,31.6546,-106.3033,broken clouds,
104,West Des Moines,US,27.05,41.572,-93.7453,broken clouds,
105,West Wendover,US,43.81,40.7391,-114.0733,clear sky,
106,Poquoson,US,51.98,37.1224,-76.3458,clear sky,
107,Show Low,US,48.49,34.2542,-110.0298,few clouds,
109,Pocatello,US,44.51,42.8713,-112.4455,clear sky,
110,Saint Simons,US,59.04,31.1352,-81.3901,light rain,
112,Winnemucca,US,55.45,40.973,-117.7357,clear sky,
113,Chubbuck,US,44.49,42.9208,-112.4661,clear sky,
114,Brownsville,US,55.9,25.9018,-97.4975,overcast clouds,
115,Albany,US,38.05,42.6001,-73.9662,overcast clouds,
117,Farmington,US,49.77,36.7281,-108.2187,few clouds,
118,Sand Springs,US,43.38,36.1398,-96.1089,clear sky,
119,Elk City,US,48.42,35.412,-99.4043,scattered clouds,
120,Redlands,US,74.16,34.0556,-117.1825,broken clouds,
121,Ammon,US,33.94,43.4696,-111.9666,clear sky,
122,Pahrump,US,62.94,36.2083,-115.9839,few clouds,
123,Hondo,JP,53.96,32.45,130.2,few clouds,
124,Martinez,US,67.48,38.0194,-122.1341,clear sky,
125,Oneonta,US,32.81,42.4529,-75.0638,overcast clouds,
126,Lakeway,US,54.09,30.3638,-97.9796,clear sky,
127,The Woodlands,US,54.46,30.158,-95.4894,overcast clouds,
128,Howard,US,49.21,39.2504,-76.933,broken clouds,
130,Monroe,US,31.62,43.1501,-77.6831,overcast clouds,
131,Venice,US,76.98,27.0998,-82.4543,clear sky,
133,Clifton,US,48.74,40.8584,-74.1638,clear sky,
134,Waycross,US,53.85,31.2136,-82.354,moderate rain,
136,Hot Springs,US,48.51,34.5037,-93.0552,clear sky,
137,Sabinas Hidalgo,MX,51.17,26.5,-100.1667,overcast clouds,
138,Hurricane,US,60.33,37.1753,-113.2899,scattered clouds,
139,Marshall,US,48.51,34.3834,-86.3333,clear sky,
140,Guerrero Negro,MX,70.81,27.9769,-114.0611,clear sky,
141,Port Arthur,CN,46.62,38.8,121.2667,broken clouds,
143,Oneida,US,34.02,43.2001,-75.4663,light snow,
144,Dillon,US,60.78,34.4166,-79.3712,overcast clouds,
145,Cortez,US,45.36,37.3489,-108.5859,scattered clouds,
146,Washington,US,54.34,47.5001,-120.5015,broken clouds,
147,Baker City,US,46.11,44.7749,-117.8344,clear sky,
148,Camalu,MX,64.56,30.85,-116.0667,few clouds,
150,Casper,US,39.79,42.8666,-106.3131,clear sky,
153,Greenwood,US,53.96,34.1668,-82.1165,clear sky,
155,Maneadero,MX,64.09,31.7167,-116.5667,scattered clouds,
156,Kearney,US,30.76,40.6995,-99.0815,clear sky,
159,Puerto Penasco,MX,70.92,31.3167,-113.5333,clear sky,
160,Coronado,US,76.51,32.6859,-117.1831,scattered clouds,
161,Nacogdoches,US,53.46,31.6002,-94.6335,clear sky,
163,Ormond Beach,US,67.28,29.2858,-81.0559,overcast clouds,
164,Winslow,US,55.58,35.0242,-110.6974,clear sky,
165,Corning,US,34.21,42.1428,-77.0547,light snow,
166,Saint Peters,US,27.45,38.8003,-90.6265,overcast clouds,
167,Wylie,US,53.64,33.0151,-96.5389,clear sky,
168,Lake Havasu City,US,74.23,34.4839,-114.3224,clear sky,
169,Taft,IR,53.55,31.7471,54.2088,clear sky,
170,Dunmore Town,BS,75.9,25.5,-76.65,few clouds,
171,Sulphur Springs,US,49.95,33.1385,-95.6011,clear sky,
172,Saint George,US,62.26,37.1041,-113.5841,clear sky,
173,Pampa,US,49.15,35.5362,-100.9599,clear sky,
175,Bradford,GB,45.48,53.7939,-1.7521,scattered clouds,
176,Gallup,US,44.44,35.5281,-108.7426,clear sky,
177,Lumberton,US,57.51,34.6182,-79.0086,clear sky,
178,South Lake Tahoe,US,50.25,38.9332,-119.9844,clear sky,
179,Warrensburg,US,28.22,38.7628,-93.7361,overcast clouds,
180,Altus,US,53.67,34.6381,-99.334,clear sky,
181,San Benito,US,56.93,36.6166,-121.0844,overcast clouds,
182,Santa Rosalia,MX,66.2,27.3167,-112.2833,scattered clouds,
183,Nacozari,MX,72.03,25.3366,-108.2574,light rain,
184,Kuna,US,54.84,43.4918,-116.4201,clear sky,
186,Wilmington,US,54.95,34.2257,-77.9447,overcast clouds,
187,Cody,US,43.2,44.5263,-109.0565,clear sky,
188,Eunice,US,52.0,30.4944,-92.4176,overcast clouds,
190,Grants,US,41.23,35.1473,-107.8514,overcast clouds,
191,Valle De Allende,MX,45.45,26.9333,-105.4,overcast clouds,
192,Vernon,CA,55.92,50.2581,-119.2691,broken clouds,
193,Rosarito,MX,74.62,32.3333,-117.0333,scattered clouds,
194,Greeneville,US,41.88,36.1632,-82.831,overcast clouds,
195,San Luis,AR,76.28,-33.295,-66.3356,scattered clouds,
196,Kincardine,GB,45.19,56.0667,-3.7167,overcast clouds,
197,Belle Fourche,US,40.51,44.6714,-103.8522,clear sky,
198,Olean,US,27.28,42.0776,-78.4297,overcast clouds,
200,Santa Catarina De Tepehuanes,MX,58.46,25.35,-105.7333,broken clouds,
201,Maryville,US,46.6,35.7565,-83.9705,scattered clouds,
202,Warrington,GB,45.86,53.3925,-2.5802,scattered clouds,
203,Greenville,US,55.56,35.6127,-77.3663,clear sky,
204,Twin Falls,US,46.92,42.3505,-114.6445,clear sky,
205,Tucumcari,US,46.94,35.1717,-103.725,scattered clouds,
207,Newark,US,49.24,40.7357,-74.1724,clear sky,
208,Johnstown,US,33.31,40.3267,-78.922,overcast clouds,
209,Beeville,US,46.98,28.4008,-97.7483,overcast clouds,
211,Hailey,US,38.89,43.5196,-114.3153,overcast clouds,
213,Rio Muerto,MX,71.06,27.4167,-110.2333,overcast clouds,
214,Pueblo,US,48.15,38.2545,-104.6091,clear sky,
215,Port Lavaca,US,52.3,28.615,-96.6261,overcast clouds,
216,Bartlesville,US,40.95,36.7473,-95.9808,clear sky,
217,Watertown,US,48.06,42.3709,-71.1828,clear sky,
218,Ledyard,US,45.52,41.4398,-72.0142,clear sky,
220,Santa Maria Del Oro,MX,53.53,25.9333,-105.3667,moderate rain,
221,Dodge City,US,39.94,37.7528,-100.0171,clear sky,
222,Mapimi,MX,60.85,25.8167,-103.85,light rain,
223,Hope,US,55.45,33.6671,-93.5916,overcast clouds,
224,Clarksburg,US,36.05,39.2807,-80.3445,overcast clouds,
226,Shawnee,US,31.86,39.05,-95.7669,overcast clouds,
227,Mount Pleasant,US,59.05,32.7941,-79.8626,overcast clouds,
228,Alamosa,US,35.58,37.4695,-105.87,clear sky,
229,Esqueda,MX,59.43,30.7167,-109.5833,broken clouds,
230,Punta Gorda,US,77.18,26.9298,-82.0454,overcast clouds,
231,Chanute,US,35.71,37.6792,-95.4572,overcast clouds,
232,Rapid City,US,38.5,44.0805,-103.231,clear sky,
233,Tooele,US,47.32,40.5308,-112.2983,clear sky,
234,Belen,TR,42.94,36.4891,36.2233,broken clouds,
235,Fayetteville,US,57.72,35.0527,-78.8784,clear sky,
237,Boulder,US,40.51,40.0833,-105.3505,clear sky,
238,Florence,IT,54.23,43.7667,11.25,broken clouds,
239,Dawson,US,51.22,31.7735,-84.4466,overcast clouds,
240,Stephenville,US,54.14,32.2207,-98.2023,clear sky,
241,Newton,US,47.75,42.337,-71.2092,clear sky,
242,Emmett,US,56.57,43.8735,-116.4993,broken clouds,
243,Adelanto,US,66.2,34.5828,-117.4092,scattered clouds,
244,Lufkin,US,53.73,31.3382,-94.7291,overcast clouds,
245,Del Rio,US,42.91,29.3627,-100.8968,overcast clouds,
246,Lock Haven,US,39.09,41.137,-77.4469,overcast clouds,
247,Loreto,MX,72.12,22.2667,-101.9667,few clouds,
249,Victoria,HK,69.85,22.2855,114.1577,overcast clouds,
250,Summerville,US,58.86,33.0185,-80.1757,scattered clouds,
252,Covington,US,28.9,39.0837,-84.5086,broken clouds,
253,Junction City,US,33.66,39.0286,-96.8314,broken clouds,
254,Morgan City,US,51.8,29.6994,-91.2068,overcast clouds,
255,Opelousas,US,51.69,30.5335,-92.0815,clear sky,
256,Azle,US,53.56,32.8951,-97.5459,clear sky,
257,Onalaska,US,27.07,43.8844,-91.2351,clear sky,
258,Freeport,US,50.36,40.6576,-73.5832,broken clouds,
261,Ensenada,MX,63.95,31.8667,-116.6167,scattered clouds,
262,Owasso,US,43.72,36.2695,-95.8547,few clouds,
263,Andros Town,BS,76.96,24.7,-77.7667,scattered clouds,
264,Snyder,US,52.14,32.7179,-100.9176,clear sky,
265,Jacksonville,US,54.03,30.3322,-81.6556,overcast clouds,
267,Cananea,MX,55.2,30.95,-110.3,broken clouds,
269,Elwood,AU,66.33,-37.8817,144.983,overcast clouds,
270,Bakersfield,US,73.98,35.3733,-119.0187,clear sky,
271,Lovington,US,49.05,32.944,-103.3485,overcast clouds,
272,Bedford,GB,49.71,52.1346,-0.4663,broken clouds,
273,Apple Valley,US,66.9,34.5008,-117.1859,broken clouds,
277,Ruston,US,53.42,32.5232,-92.6379,overcast clouds,
278,West Plains,US,32.92,36.7281,-91.8524,clear sky,
279,Camargo,MX,40.35,27.6667,-105.1667,overcast clouds,
280,Orange Cove,US,69.8,36.6244,-119.3137,clear sky,
281,Sterling,US,50.0,39.0062,-77.4286,few clouds,
282,Livingston,GB,43.48,55.9029,-3.5226,scattered clouds,
284,Atlantic Beach,US,54.05,30.3344,-81.3987,overcast clouds,
285,Dumas,US,46.62,35.8656,-101.9732,clear sky,
287,Jimenez,MX,38.14,28.3333,-105.4,light rain,
288,Lamar,US,48.36,33.6668,-95.5836,clear sky,
289,Fort Morgan,US,41.65,40.2503,-103.8,clear sky,
290,Bernalillo,US,50.32,35.05,-106.6673,broken clouds,
291,Republic,US,31.12,37.12,-93.4802,scattered clouds,
292,North Las Vegas,US,66.18,36.1989,-115.1175,clear sky,
293,Fort Carson,US,43.45,38.7375,-104.7889,overcast clouds,
294,Kingsville,US,50.18,27.5159,-97.8561,overcast clouds,
295,Okmulgee,US,43.09,35.6234,-95.9605,clear sky,
296,Price,US,44.11,39.5994,-110.8107,clear sky,
297,Lewisville,US,53.94,33.0462,-96.9942,clear sky,
298,Casa Grande,US,73.4,32.8795,-111.7573,clear sky,
299,Guadalupe Y Calvo,MX,44.76,26.1,-106.9667,light rain,
300,Nazareno,MX,61.5,25.3833,-103.4167,light rain,
301,Topeka,US,31.78,39.0483,-95.678,overcast clouds,
302,San Antonio,US,49.55,29.4241,-98.4936,light rain,
303,Guerrero,MX,77.29,17.6667,-100.0,scattered clouds,
304,Parsons,US,36.86,37.3403,-95.2611,scattered clouds,
305,Highland Springs,US,51.39,37.546,-77.3278,clear sky,
306,Puerto Palomas,MX,51.76,31.7667,-107.6167,broken clouds,
307,La Marque,US,55.36,29.3686,-94.9713,overcast clouds,
308,Bustamante,MX,48.45,26.5333,-100.5,overcast clouds,
310,Albertville,US,45.64,34.2676,-86.2089,clear sky,
311,Salina,US,35.73,38.8403,-97.6114,scattered clouds,
313,Christiansburg,US,41.47,37.1298,-80.4089,scattered clouds,
314,Plainview,US,49.86,40.7765,-73.4673,broken clouds,
315,Altar,MX,73.83,30.7,-111.8167,few clouds,
316,Staunton,US,42.89,38.1496,-79.0717,clear sky,
318,Wilmington Island,US,59.09,32.0036,-80.9737,broken clouds,
319,Potam,MX,70.36,27.6,-110.3833,overcast clouds,
321,Taos,US,34.2,36.4072,-105.5731,snow,
322,San Felipe,VE,68.9,10.3399,-68.7425,few clouds,
323,Pineville,US,51.73,31.3224,-92.4343,clear sky,
324,Madison,US,47.62,34.7334,-86.5667,few clouds,
325,Dunn,US,27.16,44.95,-91.8835,clear sky,
326,North Platte,US,33.69,41.1239,-100.7654,clear sky,
327,Palestine,PS,49.46,31.9216,35.2033,broken clouds,
328,Altamont,US,53.44,42.2068,-121.7372,clear sky,
329,Fort Smith,US,44.64,35.3859,-94.3986,clear sky,
330,Bellevue,US,69.15,47.6104,-122.2007,clear sky,
332,Truth Or Consequences,US,48.9,33.1284,-107.2528,overcast clouds,
333,San Buenaventura,MX,52.72,27.0833,-101.5333,broken clouds,
334,Midland,US,53.8,31.9974,-102.0779,clear sky,
335,Grand Junction,US,49.08,39.0639,-108.5507,clear sky,
336,Minas De Barroteran,MX,41.99,27.6333,-101.2833,overcast clouds,
337,Cedartown,US,48.38,34.0537,-85.255,broken clouds,
338,Hutchinson,US,35.55,38.0608,-97.9298,few clouds,
339,Naco,MX,60.89,31.3347,-109.9483,scattered clouds,
340,Gadsden,US,50.23,34.0143,-86.0066,clear sky,
341,Dover,US,48.99,39.1582,-75.5244,clear sky,
342,Brenham,US,53.51,30.1669,-96.3977,overcast clouds,
343,Riverton,US,50.49,40.5219,-111.9391,clear sky,
344,Carbondale,US,32.0,37.7273,-89.2168,scattered clouds,
347,Leander,US,53.29,30.5788,-97.8531,clear sky,
348,Baton Rouge,US,52.12,30.4508,-91.1545,overcast clouds,
349,Cleburne,US,54.03,32.3476,-97.3867,clear sky,
350,Sun City West,US,74.23,33.662,-112.3413,scattered clouds,
351,Monclova,MX,45.05,26.9,-101.4167,overcast clouds,
352,Rodeo,US,67.24,38.033,-122.2669,clear sky,
353,Laredo,US,46.69,27.5064,-99.5075,overcast clouds,
354,Evansville,US,30.2,37.9748,-87.5558,overcast clouds,
355,Conyers,US,50.45,33.6676,-84.0177,clear sky,
356,Russellville,US,44.74,35.2784,-93.1338,clear sky,
357,Ruidoso,US,37.76,33.3317,-105.673,overcast clouds,
358,Rockingham,US,46.71,42.9668,-71.0995,broken clouds,
359,Kinston,US,55.58,35.2627,-77.5816,clear sky,
360,Galveston,US,55.36,29.3669,-94.9669,overcast clouds,
361,Rock Sound,BS,76.06,24.9,-76.2,clear sky,
362,Edgewater,US,70.03,28.9889,-80.9023,overcast clouds,
365,Fernley,US,59.86,39.608,-119.2518,broken clouds,
366,Enid,US,42.98,36.3956,-97.8784,clear sky,
367,Laramie,US,33.53,41.3114,-105.5911,clear sky,
368,Centralia,US,67.86,46.7162,-122.9543,clear sky,
369,Council Bluffs,US,27.32,41.2619,-95.8608,scattered clouds,
370,Ada,US,52.68,43.4166,-116.1262,clear sky,
371,General Cepeda,MX,45.07,25.3833,-101.45,overcast clouds,
372,Cullman,US,47.8,34.1748,-86.8436,clear sky,
373,Harrisonville,US,29.28,38.6533,-94.3488,overcast clouds,
374,Madera,US,68.09,37.1666,-119.8343,overcast clouds,
376,Lampazos De Naranjo,MX,45.32,27.0167,-100.5167,overcast clouds,
377,Elko,US,41.02,41.0002,-115.5012,clear sky,
378,Canon City,US,45.18,38.441,-105.2424,broken clouds,
379,Spring Hill,US,68.23,28.4769,-82.5255,broken clouds,
380,Canandaigua,US,30.33,42.8742,-77.288,overcast clouds,
381,Benjamin Hill,MX,71.64,30.1667,-111.1,broken clouds,
382,Lemoore,US,69.87,36.3008,-119.7829,clear sky,
383,Port Hueneme,US,73.36,34.1478,-119.1951,clear sky,
384,Moctezuma,MX,73.67,29.8,-109.6667,overcast clouds,
385,Williamsport,US,40.73,41.2412,-77.0011,broken clouds,
386,Cardinal,CA,32.32,44.7834,-75.3826,clear sky,
387,Syracuse,IT,48.31,37.0881,15.2792,few clouds,
388,Payson,US,48.04,40.0444,-111.7321,clear sky,
389,Oswego,US,32.92,43.4501,-76.1497,light snow,
390,Carlsbad,US,76.39,33.1581,-117.3506,clear sky,
391,Chalmette,US,54.0,29.9427,-89.9634,overcast clouds,
392,New Iberia,US,51.87,30.0035,-91.8187,overcast clouds,
393,Oro Valley,US,71.78,32.3909,-110.9665,broken clouds,
394,Chihuahua,MX,37.2,28.5,-106.0,overcast clouds,
395,Duncan,US,51.69,34.5023,-97.9578,clear sky,
396,Steamboat Springs,US,30.0,40.485,-106.8317,clear sky,
397,Cumberland,US,57.7,35.0502,-78.8664,clear sky,
398,Natchez,US,49.44,31.5604,-91.4032,clear sky,
399,Praxedis Guerrero,MX,50.14,31.3667,-106.0167,overcast clouds,
401,Brighton,GB,48.24,50.8284,-0.1395,broken clouds,
402,Norfolk,US,47.66,42.1668,-71.2495,overcast clouds,
403,Manhattan,US,48.94,40.7834,-73.9662,clear sky,
405,Montrose,US,36.81,38.4166,-108.2673,clear sky,
406,Silver City,US,46.36,32.7701,-108.2803,clear sky,
407,Alamogordo,US,45.41,32.8995,-105.9603,overcast clouds,
408,Portales,US,48.33,34.1862,-103.3344,overcast clouds,
409,Atchison,US,28.58,39.563,-95.1216,overcast clouds,
410,Warner Robins,US,54.14,32.621,-83.5999,scattered clouds,
411,Ottawa,CA,32.43,45.4112,-75.6981,scattered clouds,
412,San Jacinto,US,73.42,33.7839,-116.9586,scattered clouds,
413,Estelle,US,54.0,29.8458,-90.1067,overcast clouds,
415,Ojinaga,MX,44.42,29.5667,-104.4167,overcast clouds,
417,Sanger,US,69.66,36.708,-119.556,clear sky,
418,Burley,US,48.29,42.5357,-113.7928,clear sky,
420,Fort Myers Beach,US,77.07,26.452,-81.9481,overcast clouds,
421,Pine Bluff,US,51.73,34.2284,-92.0032,clear sky,
422,Festus,US,27.48,38.2206,-90.396,overcast clouds,
425,Crossville,US,40.1,35.949,-85.0269,broken clouds,
426,Carrollton,US,53.94,32.9537,-96.8903,clear sky,
427,Fruitville,US,75.92,27.3298,-82.4576,clear sky,
428,Wichita,US,37.45,37.6922,-97.3375,few clouds,
429,Alexander City,US,49.5,32.944,-85.9539,overcast clouds,
432,Big Spring,US,52.25,32.2504,-101.4787,clear sky,
433,Idaho Falls,US,34.0,43.4666,-112.0341,clear sky,
434,Santa Ana,US,77.02,33.7456,-117.8678,overcast clouds,
436,Tehachapi,US,58.64,35.1322,-118.449,broken clouds,
437,Sheridan,US,39.58,44.8333,-106.9173,clear sky,
438,Virginia Beach,US,52.02,36.8529,-75.978,scattered clouds,
439,Listowel,IE,40.71,52.4464,-9.485,scattered clouds,
440,Prescott Valley,US,57.25,34.5894,-112.3252,clear sky,
441,Morris,US,45.63,40.8334,-74.5329,scattered clouds,
444,Mountain Home,US,52.43,43.133,-115.6912,clear sky,
445,Sunrise Manor,US,66.29,36.2111,-115.0731,clear sky,
446,Chino Valley,US,58.68,34.7575,-112.4538,clear sky,
448,Ridgecrest,US,66.06,35.6225,-117.6709,clear sky,
449,Pittsburg,US,67.66,38.028,-121.8847,clear sky,
451,Huntsville,US,46.81,34.7304,-86.5861,clear sky,
452,Nueva Rosita,MX,40.55,27.95,-101.2167,overcast clouds,
454,Henderson,US,66.22,36.0397,-114.9819,clear sky,
455,Pendleton,US,65.8,45.6721,-118.7886,clear sky,
456,Anahuac,MX,45.5,27.2333,-100.15,overcast clouds,
457,Olive Branch,US,44.28,34.9618,-89.8295,scattered clouds,
459,Madisonville,US,34.21,37.3281,-87.4989,broken clouds,
460,Spearfish,US,38.28,44.4908,-103.8594,clear sky,
461,Mechanicsville,US,51.33,37.6088,-77.3733,broken clouds,
462,Evans,US,54.61,33.5337,-82.1307,overcast clouds,
464,Carthage,TN,58.53,36.8611,10.3316,few clouds,
465,Fort Stewart,US,58.87,31.8722,-81.61,scattered clouds,
467,Horn Lake,US,44.58,34.9554,-90.0348,broken clouds,
468,Seymour,US,27.32,38.9592,-85.8903,overcast clouds,
469,Castanos,MX,43.34,26.7833,-101.4167,overcast clouds,
471,Mulege,MX,69.1,26.8833,-111.9833,scattered clouds,
472,Greensburg,US,32.63,40.3015,-79.5389,overcast clouds,
473,Levelland,US,50.2,33.5873,-102.378,overcast clouds,
474,Selma,US,69.85,36.5708,-119.6121,clear sky,
475,Soddy-Daisy,US,47.93,35.2359,-85.1908,overcast clouds,
476,Brookhaven,US,47.86,31.5791,-90.4407,overcast clouds,
478,Creel,MX,44.76,27.75,-107.6333,moderate rain,
479,Bossier City,US,55.58,32.516,-93.7321,clear sky,
480,Culpeper,US,50.92,38.5004,-77.9664,clear sky,
481,Portland,US,68.81,45.5234,-122.6762,scattered clouds,
484,Chatham,GB,49.19,51.3789,0.5279,scattered clouds,
485,Dyersburg,US,42.94,36.0345,-89.3856,scattered clouds,
487,Blackfoot,US,44.38,43.1905,-112.345,broken clouds,
489,Scottsbluff,US,43.92,41.8666,-103.6672,clear sky,
490,Saint Albans,GB,48.9,51.75,-0.3333,few clouds,
491,Little Rock,US,46.36,34.7465,-92.2896,scattered clouds,
493,Artesia,US,77.23,33.8658,-118.0831,clear sky,
495,Primo Tapia,MX,72.95,32.22,-116.9172,scattered clouds,
496,Mansfield,GB,45.79,53.1333,-1.2,overcast clouds,
497,Lamesa,US,50.52,32.7376,-101.951,broken clouds,
498,Emporia,US,34.0,38.4039,-96.1817,overcast clouds,
499,Bloomingdale,US,72.25,27.8936,-82.2404,scattered clouds,
500,Ramos Arizpe,MX,45.95,25.55,-100.9667,overcast clouds,
501,Etchoropo,MX,75.42,26.7667,-109.6667,overcast clouds,
502,Chester,US,44.08,40.1254,-75.8749,clear sky,
503,Fredericksburg,US,52.34,38.3032,-77.4605,clear sky,
505,Caborca,MX,71.67,30.5838,-111.101,scattered clouds,
508,Gainesville,US,53.74,29.6516,-82.3248,broken clouds,
512,Muskogee,US,43.34,35.5834,-95.3336,clear sky,
513,Sierra Vista,US,62.2,31.5545,-110.3037,scattered clouds,
514,Lockhart,US,75.94,28.6194,-81.4426,overcast clouds,
515,Aliquippa,US,33.93,40.6367,-80.2401,overcast clouds,
516,Wharton,US,52.99,29.3116,-96.1027,overcast clouds,
517,Vicksburg,US,53.28,32.3526,-90.8779,clear sky,
518,Conway,US,46.38,35.0887,-92.4421,clear sky,
519,Rome,US,48.51,34.257,-85.1647,broken clouds,
521,Hannibal,US,27.52,39.7084,-91.3585,overcast clouds,
522,West Columbia,US,57.02,33.9935,-81.074,broken clouds,
523,Lynn Haven,US,52.05,30.2455,-85.6483,overcast clouds,
524,Exeter,GB,45.99,50.7236,-3.5275,broken clouds,
525,Weatherford,US,53.26,32.7593,-97.7972,broken clouds,
526,Orangeburg,US,57.16,33.4918,-80.8557,clear sky,
527,Shreveport,US,55.62,32.5251,-93.7502,clear sky,
528,Grand Island,US,29.19,40.925,-98.342,clear sky,
529,Beckley,US,35.67,37.7782,-81.1882,overcast clouds,
532,Salisbury,GB,49.64,51.0693,-1.7957,drizzle,
533,Laurel,US,50.4,39.0993,-76.8483,clear sky,
534,Deming,US,48.09,32.2687,-107.7586,broken clouds,
535,Wellington,NZ,71.26,-41.2866,174.7756,scattered clouds,
536,Allende,MX,51.93,25.2833,-100.0167,scattered clouds,
537,Bristol,US,47.77,41.8334,-71.1662,overcast clouds,
540,Laguna Beach,US,77.34,33.5423,-117.7831,overcast clouds,
541,South Venice,US,76.98,27.0531,-82.4243,clear sky,
542,Plainfield,US,48.88,40.6168,-74.4173,clear sky,
543,Kerrville,US,42.53,30.0474,-99.1403,overcast clouds,
545,Corinth,GR,50.9,37.9407,22.9573,scattered clouds,
546,Ocampo,MX,68.54,21.65,-101.5,scattered clouds,
547,Elizabethtown,US,31.59,37.694,-85.8591,scattered clouds,
548,Portsmouth,GB,50.13,50.799,-1.0913,broken clouds,
550,Los Lunas,US,50.65,34.8062,-106.7334,overcast clouds,
551,Wichita Falls,US,51.93,33.9137,-98.4934,clear sky,
552,Marmora,IT,41.13,44.4583,7.094,overcast clouds,
555,Hollins,US,45.25,37.3413,-79.9431,scattered clouds,
556,Van Buren,US,44.62,35.4368,-94.3483,clear sky,
557,Charleston,US,59.07,32.7766,-79.9309,overcast clouds,
558,Roswell,US,49.87,34.0232,-84.3616,clear sky,
559,Santa Barbara,US,60.33,34.7333,-120.0343,clear sky,
560,Live Oak,US,69.6,36.9836,-121.9805,clear sky,
561,California City,US,64.18,35.1258,-117.9859,clear sky,
563,Paragould,US,42.62,36.0584,-90.4973,scattered clouds,
566,Elizabeth City,US,49.01,36.2946,-76.2511,clear sky,
567,Gustavo Diaz Ordaz,MX,57.09,26.2333,-98.5833,overcast clouds,
568,Santa Isabel,BR,72.7,-23.3156,-46.2214,clear sky,
569,Forest Acres,US,56.98,34.0193,-80.9898,clear sky,
570,Delhi,IN,62.69,28.6667,77.2167,mist,
572,Mantua,IT,49.24,45.1667,10.7833,overcast clouds,
573,Jonesboro,US,42.57,35.8423,-90.7043,clear sky,
574,Oak Ridge,US,46.49,36.0104,-84.2696,broken clouds,
575,Saint Pete Beach,US,71.2,27.7253,-82.7412,broken clouds,
576,Paris,FR,54.37,48.8534,2.3488,broken clouds,
577,Lake City,US,49.86,30.1897,-82.6393,light rain,
578,Susanville,US,53.44,40.4163,-120.653,clear sky,
580,Canyon,US,49.51,34.9803,-101.9188,few clouds,
581,Ahome,MX,70.68,25.9167,-109.1833,scattered clouds,
582,Owensboro,US,31.26,37.7742,-87.1133,broken clouds,
584,Casas Grandes,MX,43.57,30.3667,-107.95,overcast clouds,
585,Sutton,GB,48.58,51.35,-0.2,scattered clouds,
586,Tucson,US,71.98,32.2217,-110.9265,clear sky,
587,Roanoke Rapids,US,52.38,36.4615,-77.6542,clear sky,
588,Hanford,US,70.41,36.3275,-119.6457,clear sky,
589,Porterville,US,71.55,36.0652,-119.0168,clear sky,
590,Cimarron Hills,US,40.53,38.8586,-104.6989,clear sky,
591,Arteaga,MX,73.09,18.4667,-102.4167,clear sky,
593,Ken Caryl,US,45.0,39.5773,-105.1169,clear sky,
595,Estacion Coahuila,MX,76.57,32.1939,-115.0017,clear sky,
596,Goose Creek,US,58.96,32.981,-80.0326,overcast clouds,
597,Rock Springs,US,35.04,41.5875,-109.2029,clear sky,
599,Brigham City,US,48.22,41.5102,-112.0155,clear sky,
600,Bloomfield,US,48.97,40.8068,-74.1854,clear sky,
601,Brandon,US,72.25,27.9378,-82.2859,scattered clouds,
604,Uniontown,US,33.46,39.9001,-79.7164,broken clouds,
605,Spring Valley,US,64.35,36.108,-115.245,few clouds,
606,Ironton,US,38.08,38.5368,-82.6829,broken clouds,
607,Tilbury,GB,49.37,51.4625,0.3586,few clouds,
608,Clarksdale,US,46.9,34.2001,-90.5709,clear sky,
609,Lake Charles,US,53.6,30.2131,-93.2044,clear sky,
610,Altoona,US,34.81,40.5187,-78.3947,overcast clouds,
611,Blythe,US,75.04,33.6103,-114.5964,scattered clouds,
612,Cocorit,MX,74.62,27.5833,-109.9667,overcast clouds,
613,Imuris,MX,69.1,30.7833,-110.8667,broken clouds,
614,Fairhope,US,54.05,30.523,-87.9033,broken clouds,
615,Crestview,US,51.71,30.7621,-86.5705,overcast clouds,
616,Golden,US,45.88,39.7555,-105.2211,few clouds,
617,Piney Green,US,55.58,34.716,-77.3202,clear sky,
619,Las Cruces,US,52.56,32.3123,-106.7783,overcast clouds,
621,Rio Bravo,MX,57.11,25.9833,-98.1,broken clouds,
622,Newberry,US,54.46,34.2746,-81.6187,overcast clouds,
623,San Blas,MX,76.48,21.5167,-105.2667,clear sky,
624,Sugar Land,US,54.21,29.6197,-95.6349,broken clouds,
625,Abilene,US,53.82,32.4487,-99.7331,few clouds,
627,Bainbridge,US,69.21,47.6262,-122.5212,clear sky,
628,West Odessa,US,53.06,31.8424,-102.4988,overcast clouds,
630,Raton,US,40.32,36.9034,-104.4391,clear sky,
631,Fulton,US,50.41,33.7668,-84.4499,clear sky,
632,New Port Richey,US,68.38,28.2442,-82.7193,overcast clouds,
633,Leeds,GB,46.33,53.7964,-1.5477,overcast clouds,
634,Lander,US,32.97,42.833,-108.7307,clear sky,
636,Sulphur,US,53.58,30.2366,-93.3774,broken clouds,
638,Pleasanton,US,67.48,37.6624,-121.8747,clear sky,
639,Ontario,US,74.01,34.0633,-117.6509,broken clouds,
640,Graham,US,66.29,47.0529,-122.2943,clear sky,
641,Elmira,US,36.19,42.0898,-76.8077,snow,
642,West Monroe,US,55.4,32.5185,-92.1476,clear sky,
643,Lincolnton,US,51.66,35.4737,-81.2545,clear sky,
645,San Angelo,US,54.95,31.4638,-100.437,overcast clouds,
646,Ramona,US,72.75,33.0417,-116.8681,clear sky,
647,Pella,RU,39.25,59.7775,30.8181,overcast clouds,
648,Preston,GB,44.89,53.7667,-2.7167,broken clouds,
650,Bastrop,US,55.08,32.7562,-91.8724,clear sky,
652,Lindsay,US,71.8,36.203,-119.0882,clear sky,
653,Castle Rock,US,42.08,39.3722,-104.8561,clear sky,
654,Kingsland,US,56.91,30.8,-81.6898,overcast clouds,
655,De Land,US,69.8,29.0283,-81.3031,overcast clouds,
656,Alamos,MX,67.84,27.0167,-108.9333,light rain,
657,Cookeville,US,41.81,36.1628,-85.5016,clear sky,
658,Fergus,US,43.18,47.3,-109.2674,few clouds,
659,Annapolis,US,51.19,38.9785,-76.4922,clear sky,
660,Natchitoches,US,55.38,31.7668,-93.1335,clear sky,
662,El Dorado,US,59.52,38.7666,-120.5177,overcast clouds,
663,Sonoita,MX,72.75,31.85,-112.8333,broken clouds,
665,Buckeye,US,76.41,33.3703,-112.5838,clear sky,
666,Toccoa,US,51.37,34.5773,-83.3324,clear sky,
667,Ascension,US,52.27,30.2169,-90.9001,overcast clouds,
668,Kannapolis,US,52.83,35.4874,-80.6217,clear sky,
669,Canton,CN,70.88,23.1167,113.25,overcast clouds,
670,Naples,IT,53.85,40.8333,14.25,clear sky,
672,Nuevo Casas Grandes,MX,44.91,30.4167,-107.9167,overcast clouds,
673,Cannington,AU,67.77,-32.0167,115.95,clear sky,
674,Torrington,US,44.78,41.8007,-73.1212,broken clouds,
676,Port Stanley,FK,46.2,-51.7,-57.85,overcast clouds,
677,Great Bend,US,36.03,38.3645,-98.7648,clear sky,
678,Saint Thomas,BB,76.32,13.1833,-59.5833,few clouds,
679,Fort Walton Beach,US,52.99,30.4058,-86.6188,overcast clouds,
680,Hagerstown,US,44.58,39.6418,-77.72,broken clouds,
681,Valdosta,US,50.04,30.8327,-83.2785,overcast clouds,
682,Ponca City,US,41.02,36.707,-97.0856,clear sky,
683,Lubbock,US,52.05,33.6001,-101.8338,scattered clouds,
685,Las Vegas,US,65.64,36.175,-115.1372,clear sky,
687,Meridian,US,55.15,43.6121,-116.3915,clear sky,
689,Gulfport,US,53.65,30.3674,-89.0928,broken clouds,
690,Bay Saint Louis,US,51.87,30.3088,-89.33,overcast clouds,
692,Saraland,US,54.32,30.8207,-88.0706,overcast clouds,
693,Los Alamos,US,37.58,35.8881,-106.307,snow,
694,Somerset,US,48.65,40.5668,-74.5496,clear sky,
695,Badiraguato,MX,76.39,25.3667,-107.5167,light rain,
696,Alice,US,49.44,27.7523,-98.0697,overcast clouds,
697,Quincy,US,48.15,42.2529,-71.0023,few clouds,
698,Tifton,US,49.96,31.4505,-83.5085,overcast clouds,
699,Camp Verde,US,64.18,34.5636,-111.8543,broken clouds,
700,Poplar Bluff,US,40.77,36.757,-90.3929,clear sky,
701,Yucca Valley,US,66.65,34.1142,-116.4322,few clouds,
702,El Campo,US,52.09,29.1966,-96.2697,overcast clouds,
704,Destin,US,51.96,30.3935,-86.4958,overcast clouds,
705,Valley Station,US,32.65,38.1112,-85.8702,scattered clouds,
707,Rio Rancho,US,49.14,35.2334,-106.6645,broken clouds,
708,Norwich,GB,49.24,52.6278,1.2983,broken clouds,
709,Topolobampo,MX,70.95,25.6,-109.05,broken clouds,
710,Tahlequah,US,42.08,35.9154,-94.97,clear sky,
712,Guadalupe Victoria,MX,76.73,32.2869,-115.105,clear sky,
713,Statesboro,US,55.2,32.4488,-81.7832,scattered clouds,
715,Safford,US,61.75,32.834,-109.7076,overcast clouds,
716,Marysville,US,68.34,48.0518,-122.1771,clear sky,
718,Clearwater,US,69.03,27.9659,-82.8001,overcast clouds,
719,Mission,US,57.04,26.2159,-98.3253,overcast clouds,
721,Borger,NL,51.01,52.9233,6.7931,overcast clouds,
722,Redmond,US,69.44,47.674,-122.1215,clear sky,
725,Bend,US,58.86,44.0582,-121.3153,clear sky,
726,Brownfield,US,50.95,33.1812,-102.2744,broken clouds,
727,Rogers,US,42.93,36.3668,-95.5836,clear sky,
728,Villa Union,MX,75.9,23.2,-106.2333,overcast clouds,
729,Jerome,US,49.68,42.7241,-114.5186,clear sky,
730,Pinehurst,US,56.5,35.1954,-79.4695,clear sky,
732,Beaufort,MY,77.99,5.3473,115.7455,broken clouds,
734,Bryan,US,53.49,30.6744,-96.37,overcast clouds,
735,West Helena,US,46.08,34.5507,-90.6418,broken clouds,
737,Mocorito,MX,76.33,25.4833,-107.9167,light rain,
738,General Teran,MX,54.46,25.2667,-99.6833,scattered clouds,
740,Adolfo Lopez Mateos,MX,37.92,28.4667,-107.3,light rain,
741,Aberdeen,GB,44.55,57.1437,-2.0981,broken clouds,
742,Alma,CA,33.93,48.5501,-71.6491,broken clouds,
743,Hershey,US,44.85,40.2859,-76.6503,broken clouds,
744,Sedona,US,59.67,34.8697,-111.761,clear sky,
745,Prescott,US,56.21,34.54,-112.4685,clear sky,
746,Bahia Honda,CU,77.13,22.9036,-83.1592,light rain,
747,Hobbs,US,49.82,32.7026,-103.136,overcast clouds,
748,Dana Point,US,75.74,33.467,-117.6981,broken clouds,
749,Anderson,US,54.23,34.5334,-82.6499,clear sky,
750,Rockport,US,51.84,28.0206,-97.0544,light rain,
751,North Ogden,US,47.88,41.3072,-111.9602,clear sky,
752,Huntington,US,38.61,38.4193,-82.4452,broken clouds,
754,Zephyrhills,US,75.09,28.2336,-82.1812,overcast clouds,
755,Chambersburg,US,43.2,39.9376,-77.6611,broken clouds,
756,Maryland Heights,US,27.14,38.7131,-90.4298,overcast clouds,
757,Lynchburg,US,51.28,37.4138,-79.1423,clear sky,
758,Eloy,US,73.26,32.7559,-111.5548,overcast clouds,
760,Ithaca,US,37.49,42.4406,-76.4966,light snow,
761,Barstow,US,66.16,34.8986,-117.0228,scattered clouds,
762,Hopkinsville,US,37.44,36.8656,-87.4886,broken clouds,
763,Huntington Beach,US,77.31,33.6603,-117.9992,overcast clouds,
764,Nampa,US,55.47,43.5407,-116.5635,clear sky,
765,Gardendale,US,50.43,33.6601,-86.8128,broken clouds,
766,Winder,US,49.75,33.9926,-83.7202,clear sky,
767,Isla Vista,US,67.98,34.4133,-119.861,clear sky,
768,Brockville,CA,32.29,44.5834,-75.6826,scattered clouds,
769,Hilton Head Island,US,59.11,32.2163,-80.7526,overcast clouds,
771,Batesville,US,42.44,35.7698,-91.641,clear sky,
774,Carpinteria,US,70.29,34.3989,-119.5185,overcast clouds,
775,Fremont,US,68.52,37.5483,-121.9886,clear sky,
776,Burkburnett,US,52.48,34.0979,-98.5706,few clouds,
777,Warren,US,27.03,39.4334,-84.1666,overcast clouds,
778,Cross Lanes,US,39.58,38.4204,-81.7907,broken clouds,
779,Cudahy,US,76.51,33.9606,-118.1853,clear sky,
781,Paducah,US,37.45,37.0834,-88.6001,scattered clouds,
784,Bogalusa,US,51.85,30.791,-89.8487,overcast clouds,
785,Garcia,MX,58.37,25.8167,-100.5833,overcast clouds,
786,Beatrice,US,30.18,40.2681,-96.747,broken clouds,
787,Shelby,US,44.69,35.2001,-89.8668,scattered clouds,
788,Middle River,US,50.04,39.3343,-76.4394,scattered clouds,
789,Hidalgo,MX,51.91,20.5,-99.0,scattered clouds,
790,Nassau,US,48.97,40.7507,-73.5829,broken clouds,
791,Jennings,US,27.12,38.7192,-90.2604,overcast clouds,
792,Tarboro,US,53.51,35.8968,-77.5358,clear sky,
794,Abbeville,FR,45.48,50.1,1.8333,broken clouds,
795,Boulder City,US,62.28,35.9786,-114.8325,clear sky,
796,Bayonet Point,US,68.36,28.3267,-82.6834,overcast clouds,
797,Paradise,US,64.06,36.0972,-115.1467,few clouds,
798,Clemson,US,54.28,34.6834,-82.8374,clear sky,
799,Durham,US,53.44,36.0335,-78.8664,few clouds,
800,Fountain Hills,US,72.73,33.6117,-111.7174,scattered clouds,
801,Yazoo City,US,48.9,32.8551,-90.4056,overcast clouds,
802,Hope Mills,US,57.6,34.9704,-78.9453,overcast clouds,
803,Hereford,GB,47.05,52.0568,-2.7148,broken clouds,
804,Grenada,ES,51.67,37.1882,-3.6067,few clouds,
805,Fort Oglethorpe,US,47.1,34.949,-85.2569,broken clouds,
806,Taylor,US,53.06,32.3001,-99.8337,few clouds,
808,Valparaiso,CL,76.64,-33.0393,-71.6273,clear sky,
810,Forest,US,47.12,37.3638,-79.2897,few clouds,
812,Duncanville,US,53.42,32.6518,-96.9083,clear sky,
815,Andrews,US,52.29,32.3187,-102.5457,broken clouds,
816,Independence,US,28.11,39.0911,-94.4155,overcast clouds,
820,Odessa,UA,41.27,46.4775,30.7326,scattered clouds,
823,Gatesville,US,56.3,31.4352,-97.7439,clear sky,
824,Dublin,US,67.51,37.7021,-121.9358,clear sky,
829,Canyon Lake,US,50.76,29.8752,-98.2625,overcast clouds,
830,Harrisonburg,US,43.21,38.4496,-78.8689,clear sky,
831,Bullhead City,US,72.93,35.1478,-114.5683,clear sky,
